2022-04-13 11:29:19.278034 CST,,,p86763,th1157097600,,,,0,,,seg-1,,,,,"LOG","00000","database system was interrupted; last known up at 2022-04-13 11:29:17 CST",,,,,,,0,,"xlog.c",6466,
2022-04-13 11:29:19.301877 CST,,,p86763,th1157097600,,,,0,,,seg-1,,,,,"LOG","00000","database system was not properly shut down; automatic recovery in progress",,,,,,,0,,"xlog.c",6972,
2022-04-13 11:29:19.302907 CST,,,p86763,th1157097600,,,,0,,,seg-1,,,,,"LOG","00000","invalid record length at 0/1BC3ADD8: wanted 24, got 0",,,,,,,0,,"xlog.c",4323,
2022-04-13 11:29:19.302919 CST,,,p86763,th1157097600,,,,0,,,seg-1,,,,,"LOG","00000","redo is not required",,,,,,,0,,"xlog.c",7557,
2022-04-13 11:29:19.304384 CST,,,p86763,th1157097600,,,,0,,,seg-1,,,,,"LOG","00000","end of transaction log location is 0/1BC3ADD8",,,,,,,0,,"xlog.c",7610,
2022-04-13 11:29:19.304814 CST,,,p86763,th1157097600,,,,0,,,seg-1,,,,,"LOG","00000","checkpoint starting: end-of-recovery immediate",,,,,,,0,,"xlog.c",8718,
2022-04-13 11:29:19.341550 CST,,,p86763,th1157097600,,,,0,,,seg-1,,,,,"LOG","00000","checkpoint complete: wrote 0 buffers (0.0%); 0 WAL file(s) added, 0 removed, 0 recycled; write=0.036 s, sync=0.000 s, total=0.036 s; sync files=0, longest=0.000 s, average=0.000 s; distance=0 kB, estimate=0 kB",,,,,,,0,,"xlog.c",8800,
2022-04-13 11:29:19.341570 CST,,,p86763,th1157097600,,,,0,,,seg-1,,,,,"LOG","00000","latest completed transaction id is 52693 and next transaction id is 52694",,,,,,,0,,"xlog.c",7973,
2022-04-13 11:29:19.341608 CST,,,p86763,th1157097600,,,,0,,,seg-1,,,,,"LOG","00000","database system is ready",,,,,,,0,,"xlog.c",7998,
2022-04-13 11:29:19.349892 CST,,,p86760,th1157097600,,,,0,,,seg-1,,,,,"LOG","00000","PostgreSQL 12 (MatrixDB 4.4.6-enterprise) (Greenplum Database 7.0.0+dev.17338.g1678d7bd82 build commit:1678d7bd8295599b5adcf852afc0bc56e2a18177) on x86_64-pc-linux-gnu, compiled by gcc (GCC) 7.3.1 20180303 (Red Hat 7.3.1-5), 64-bit compiled on Apr 12 2022 06:35:49",,,,,,,0,,"postmaster.c",3460,
2022-04-13 11:29:19.349937 CST,,,p86760,th1157097600,,,,0,,,seg-1,,,,,"LOG","00000","database system is ready to accept connections","PostgreSQL 12 (MatrixDB 4.4.6-enterprise) (Greenplum Database 7.0.0+dev.17338.g1678d7bd82 build commit:1678d7bd8295599b5adcf852afc0bc56e2a18177) on x86_64-pc-linux-gnu, compiled by gcc (GCC) 7.3.1 20180303 (Red Hat 7.3.1-5), 64-bit compiled on Apr 12 2022 06:35:49",,,,,,0,,"postmaster.c",3464,
2022-04-13 11:29:19.362019 CST,"mxadmin","template1",p86771,th1157097600,"::1","51544",2022-04-13 11:29:19 CST,0,,cmd1,seg-1,,,,sx1,"LOG","00000","statement: BEGIN",,,,,,"BEGIN",0,,"postgres.c",1709,
2022-04-13 11:29:19.362148 CST,"mxadmin","template1",p86771,th1157097600,"::1","51544",2022-04-13 11:29:19 CST,0,,cmd2,seg-1,,,,sx1,"LOG","00000","statement: SELECT version()",,,,,,"SELECT version()",0,,"postgres.c",1709,
2022-04-13 11:29:19.362682 CST,"mxadmin","template1",p86771,th1157097600,"::1","51544",2022-04-13 11:29:19 CST,0,,cmd4,seg-1,,,,sx1,"LOG","00000","statement: SELECT oid, typname, typlen, typtype, typcategory, typdelim, typrelid FROM pg_catalog.pg_type WHERE oid OPERATOR(pg_catalog.=) 25",,,,,,"SELECT oid, typname, typlen, typtype, typcategory, typdelim, typrelid FROM pg_catalog.pg_type WHERE oid OPERATOR(pg_catalog.=) 25",0,,"postgres.c",1709,
2022-04-13 11:29:19.364378 CST,"mxadmin","template1",p86771,th1157097600,"::1","51544",2022-04-13 11:29:19 CST,0,,cmd6,seg-1,,,,sx1,"LOG","00000","statement: 
            SELECT dbid, content, role, preferred_role, mode, status,
            hostname, address, port, datadir
            FROM pg_catalog.gp_segment_configuration
            ORDER BY content, preferred_role DESC
            ",,,,,,"
            SELECT dbid, content, role, preferred_role, mode, status,
            hostname, address, port, datadir
            FROM pg_catalog.gp_segment_configuration
            ORDER BY content, preferred_role DESC
            ",0,,"postgres.c",1709,
2022-04-13 11:29:19.365126 CST,"mxadmin","template1",p86771,th1157097600,"::1","51544",2022-04-13 11:29:19 CST,0,,cmd8,seg-1,,,,sx1,"LOG","00000","statement: SELECT oid, typname, typlen, typtype, typcategory, typdelim, typrelid FROM pg_catalog.pg_type WHERE oid OPERATOR(pg_catalog.=) 21",,,,,,"SELECT oid, typname, typlen, typtype, typcategory, typdelim, typrelid FROM pg_catalog.pg_type WHERE oid OPERATOR(pg_catalog.=) 21",0,,"postgres.c",1709,
2022-04-13 11:29:19.365273 CST,"mxadmin","template1",p86771,th1157097600,"::1","51544",2022-04-13 11:29:19 CST,0,,cmd10,seg-1,,,,sx1,"LOG","00000","statement: SELECT oid, typname, typlen, typtype, typcategory, typdelim, typrelid FROM pg_catalog.pg_type WHERE oid OPERATOR(pg_catalog.=) 18",,,,,,"SELECT oid, typname, typlen, typtype, typcategory, typdelim, typrelid FROM pg_catalog.pg_type WHERE oid OPERATOR(pg_catalog.=) 18",0,,"postgres.c",1709,
2022-04-13 11:29:19.365392 CST,"mxadmin","template1",p86771,th1157097600,"::1","51544",2022-04-13 11:29:19 CST,0,,cmd12,seg-1,,,,sx1,"LOG","00000","statement: SELECT oid, typname, typlen, typtype, typcategory, typdelim, typrelid FROM pg_catalog.pg_type WHERE oid OPERATOR(pg_catalog.=) 23",,,,,,"SELECT oid, typname, typlen, typtype, typcategory, typdelim, typrelid FROM pg_catalog.pg_type WHERE oid OPERATOR(pg_catalog.=) 23",0,,"postgres.c",1709,
2022-04-13 11:29:20.030523 CST,"mxadmin",,p86773,th1157097600,"10.10.21.104","32767",2022-04-13 11:29:20 CST,0,,,seg-1,,,,sx1,"LOG","00000","rejecting TCP connection to master using internalconnection protocol",,,,,,,0,,"auth.c",405,
2022-04-13 11:29:20.105827 CST,"mxadmin",,p86773,th1157097600,"10.10.21.104","32767",2022-04-13 11:29:20 CST,0,,,seg-1,,,,,"LOG","00000","standby ""gp_walreceiver"" is now a synchronous standby with priority 1",,,,,,,0,,"syncrep.c",577,
2022-04-13 11:29:21.312442 CST,"mxadmin","prod",p86775,th1157097600,"10.10.26.53","38816",2022-04-13 11:29:21 CST,0,,cmd1,seg-1,,,,sx1,"LOG","00000","statement: SET extra_float_digits = 3",,,,,,"SET extra_float_digits = 3",0,,"postgres.c",1709,
2022-04-13 11:29:21.312742 CST,"mxadmin","prod",p86775,th1157097600,"10.10.26.53","38816",2022-04-13 11:29:21 CST,0,,cmd2,seg-1,,,,sx1,"LOG","00000","statement: SET application_name = 'PostgreSQL JDBC Driver'",,,,,,"SET application_name = 'PostgreSQL JDBC Driver'",0,,"postgres.c",1709,
2022-04-13 11:29:21.313309 CST,"mxadmin","prod",p86775,th1157097600,"10.10.26.53","38816",2022-04-13 11:29:21 CST,0,,cmd3,seg-1,,,,sx1,"LOG","00000","statement: select 'x'",,,,,,"select 'x'",0,,"postgres.c",1709,
2022-04-13 11:29:21.313884 CST,"mxadmin","prod",p86775,th1157097600,"10.10.26.53","38816",2022-04-13 11:29:21 CST,0,,cmd5,seg-1,,,,sx1,"LOG","00000","statement: SHOW TRANSACTION ISOLATION LEVEL",,,,,,"SHOW TRANSACTION ISOLATION LEVEL",0,,"postgres.c",1709,
2022-04-13 11:29:24.394941 CST,"mxadmin","template1",p86799,th1157097600,"::1","51546",2022-04-13 11:29:24 CST,0,,cmd1,seg-1,,,,sx1,"LOG","00000","statement: BEGIN",,,,,,"BEGIN",0,,"postgres.c",1709,
2022-04-13 11:29:24.395063 CST,"mxadmin","template1",p86799,th1157097600,"::1","51546",2022-04-13 11:29:24 CST,0,,cmd2,seg-1,,,,sx1,"LOG","00000","statement: select version();",,,,,,"select version();",0,,"postgres.c",1709,
2022-04-13 11:29:24.395522 CST,"mxadmin","template1",p86799,th1157097600,"::1","51546",2022-04-13 11:29:24 CST,0,,cmd4,seg-1,,,,sx1,"LOG","00000","statement: SELECT oid, typname, typlen, typtype, typcategory, typdelim, typrelid FROM pg_catalog.pg_type WHERE oid OPERATOR(pg_catalog.=) 25",,,,,,"SELECT oid, typname, typlen, typtype, typcategory, typdelim, typrelid FROM pg_catalog.pg_type WHERE oid OPERATOR(pg_catalog.=) 25",0,,"postgres.c",1709,
2022-04-13 11:29:24.403457 CST,"mxadmin","template1",p86800,th1157097600,"::1","51548",2022-04-13 11:29:24 CST,0,,cmd1,seg-1,,,,sx1,"LOG","00000","statement: BEGIN",,,,,,"BEGIN",0,,"postgres.c",1709,
2022-04-13 11:29:24.403580 CST,"mxadmin","template1",p86800,th1157097600,"::1","51548",2022-04-13 11:29:24 CST,0,,cmd2,seg-1,,,,sx1,"LOG","00000","statement: SELECT version()",,,,,,"SELECT version()",0,,"postgres.c",1709,
2022-04-13 11:29:24.404019 CST,"mxadmin","template1",p86800,th1157097600,"::1","51548",2022-04-13 11:29:24 CST,0,,cmd4,seg-1,,,,sx1,"LOG","00000","statement: SELECT oid, typname, typlen, typtype, typcategory, typdelim, typrelid FROM pg_catalog.pg_type WHERE oid OPERATOR(pg_catalog.=) 25",,,,,,"SELECT oid, typname, typlen, typtype, typcategory, typdelim, typrelid FROM pg_catalog.pg_type WHERE oid OPERATOR(pg_catalog.=) 25",0,,"postgres.c",1709,
2022-04-13 11:29:24.405846 CST,"mxadmin","template1",p86800,th1157097600,"::1","51548",2022-04-13 11:29:24 CST,0,,cmd6,seg-1,,,,sx1,"LOG","00000","statement: 
            SELECT dbid, content, role, preferred_role, mode, status,
            hostname, address, port, datadir
            FROM pg_catalog.gp_segment_configuration
            ORDER BY content, preferred_role DESC
            ",,,,,,"
            SELECT dbid, content, role, preferred_role, mode, status,
            hostname, address, port, datadir
            FROM pg_catalog.gp_segment_configuration
            ORDER BY content, preferred_role DESC
            ",0,,"postgres.c",1709,
2022-04-13 11:29:24.406609 CST,"mxadmin","template1",p86800,th1157097600,"::1","51548",2022-04-13 11:29:24 CST,0,,cmd8,seg-1,,,,sx1,"LOG","00000","statement: SELECT oid, typname, typlen, typtype, typcategory, typdelim, typrelid FROM pg_catalog.pg_type WHERE oid OPERATOR(pg_catalog.=) 21",,,,,,"SELECT oid, typname, typlen, typtype, typcategory, typdelim, typrelid FROM pg_catalog.pg_type WHERE oid OPERATOR(pg_catalog.=) 21",0,,"postgres.c",1709,
2022-04-13 11:29:24.406792 CST,"mxadmin","template1",p86800,th1157097600,"::1","51548",2022-04-13 11:29:24 CST,0,,cmd10,seg-1,,,,sx1,"LOG","00000","statement: SELECT oid, typname, typlen, typtype, typcategory, typdelim, typrelid FROM pg_catalog.pg_type WHERE oid OPERATOR(pg_catalog.=) 18",,,,,,"SELECT oid, typname, typlen, typtype, typcategory, typdelim, typrelid FROM pg_catalog.pg_type WHERE oid OPERATOR(pg_catalog.=) 18",0,,"postgres.c",1709,
2022-04-13 11:29:24.406946 CST,"mxadmin","template1",p86800,th1157097600,"::1","51548",2022-04-13 11:29:24 CST,0,,cmd12,seg-1,,,,sx1,"LOG","00000","statement: SELECT oid, typname, typlen, typtype, typcategory, typdelim, typrelid FROM pg_catalog.pg_type WHERE oid OPERATOR(pg_catalog.=) 23",,,,,,"SELECT oid, typname, typlen, typtype, typcategory, typdelim, typrelid FROM pg_catalog.pg_type WHERE oid OPERATOR(pg_catalog.=) 23",0,,"postgres.c",1709,
2022-04-13 11:29:24.694798 CST,"mxadmin","template1",p86834,th1157097600,"10.10.21.106","6920",2022-04-13 11:29:24 CST,0,,cmd1,seg-1,,,,sx1,"LOG","00000","statement: BEGIN",,,,,,"BEGIN",0,,"postgres.c",1709,
2022-04-13 11:29:24.694913 CST,"mxadmin","template1",p86834,th1157097600,"10.10.21.106","6920",2022-04-13 11:29:24 CST,0,,cmd2,seg-1,,,,sx1,"LOG","00000","statement: select version()",,,,,,"select version()",0,,"postgres.c",1709,
2022-04-13 11:29:24.695362 CST,"mxadmin","template1",p86834,th1157097600,"10.10.21.106","6920",2022-04-13 11:29:24 CST,0,,cmd4,seg-1,,,,sx1,"LOG","00000","statement: SELECT oid, typname, typlen, typtype, typcategory, typdelim, typrelid FROM pg_catalog.pg_type WHERE oid OPERATOR(pg_catalog.=) 25",,,,,,"SELECT oid, typname, typlen, typtype, typcategory, typdelim, typrelid FROM pg_catalog.pg_type WHERE oid OPERATOR(pg_catalog.=) 25",0,,"postgres.c",1709,
2022-04-13 11:29:24.706793 CST,"mxadmin","mxadmin",p86836,th1157097600,"10.10.21.106","6922",2022-04-13 11:29:24 CST,0,,,seg-1,,,,sx1,"FATAL","3D000","database ""mxadmin"" does not exist",,,,,,,0,,"postinit.c",1024,
2022-04-13 11:29:24.723488 CST,"mxadmin","template1",p86834,th1157097600,"10.10.21.106","6920",2022-04-13 11:29:24 CST,0,,cmd5,seg-1,,,,sx1,"LOG","08006","unexpected EOF on client connection with an open transaction",,,,,,,0,,"postgres.c",453,
2022-04-13 11:29:30.351152 CST,"mxadmin","prod",p86775,th1157097600,"10.10.26.53","38816",2022-04-13 11:29:21 CST,0,,cmd6,seg-1,,,,sx1,"LOG","00000","statement: SELECT 1",,,,,,"SELECT 1",0,,"postgres.c",1709,
2022-04-13 11:29:31.301594 CST,"mxadmin","prod",p86775,th1157097600,"10.10.26.53","38816",2022-04-13 11:29:21 CST,0,,cmd8,seg-1,,,,sx1,"LOG","00000","statement: SELECT 1",,,,,,"SELECT 1",0,,"postgres.c",1709,
2022-04-13 11:29:33.271251 CST,"mxadmin","template1",p86852,th1157097600,"::1","51614",2022-04-13 11:29:33 CST,0,,cmd1,seg-1,,,,sx1,"LOG","00000","statement: BEGIN",,,,,,"BEGIN",0,,"postgres.c",1709,
2022-04-13 11:29:33.271368 CST,"mxadmin","template1",p86852,th1157097600,"::1","51614",2022-04-13 11:29:33 CST,0,,cmd2,seg-1,,,,sx1,"LOG","00000","statement: SELECT version()",,,,,,"SELECT version()",0,,"postgres.c",1709,
2022-04-13 11:29:33.271815 CST,"mxadmin","template1",p86852,th1157097600,"::1","51614",2022-04-13 11:29:33 CST,0,,cmd4,seg-1,,,,sx1,"LOG","00000","statement: SELECT oid, typname, typlen, typtype, typcategory, typdelim, typrelid FROM pg_catalog.pg_type WHERE oid OPERATOR(pg_catalog.=) 25",,,,,,"SELECT oid, typname, typlen, typtype, typcategory, typdelim, typrelid FROM pg_catalog.pg_type WHERE oid OPERATOR(pg_catalog.=) 25",0,,"postgres.c",1709,
2022-04-13 11:29:33.273985 CST,"mxadmin","template1",p86852,th1157097600,"::1","51614",2022-04-13 11:29:33 CST,0,,cmd6,seg-1,,,,sx1,"LOG","00000","statement: 
            SELECT dbid, content, role, preferred_role, mode, status,
            hostname, address, port, datadir
            FROM pg_catalog.gp_segment_configuration
            ORDER BY content, preferred_role DESC
            ",,,,,,"
            SELECT dbid, content, role, preferred_role, mode, status,
            hostname, address, port, datadir
            FROM pg_catalog.gp_segment_configuration
            ORDER BY content, preferred_role DESC
            ",0,,"postgres.c",1709,
2022-04-13 11:29:33.274706 CST,"mxadmin","template1",p86852,th1157097600,"::1","51614",2022-04-13 11:29:33 CST,0,,cmd8,seg-1,,,,sx1,"LOG","00000","statement: SELECT oid, typname, typlen, typtype, typcategory, typdelim, typrelid FROM pg_catalog.pg_type WHERE oid OPERATOR(pg_catalog.=) 21",,,,,,"SELECT oid, typname, typlen, typtype, typcategory, typdelim, typrelid FROM pg_catalog.pg_type WHERE oid OPERATOR(pg_catalog.=) 21",0,,"postgres.c",1709,
2022-04-13 11:29:33.274854 CST,"mxadmin","template1",p86852,th1157097600,"::1","51614",2022-04-13 11:29:33 CST,0,,cmd10,seg-1,,,,sx1,"LOG","00000","statement: SELECT oid, typname, typlen, typtype, typcategory, typdelim, typrelid FROM pg_catalog.pg_type WHERE oid OPERATOR(pg_catalog.=) 18",,,,,,"SELECT oid, typname, typlen, typtype, typcategory, typdelim, typrelid FROM pg_catalog.pg_type WHERE oid OPERATOR(pg_catalog.=) 18",0,,"postgres.c",1709,
2022-04-13 11:29:33.274972 CST,"mxadmin","template1",p86852,th1157097600,"::1","51614",2022-04-13 11:29:33 CST,0,,cmd12,seg-1,,,,sx1,"LOG","00000","statement: SELECT oid, typname, typlen, typtype, typcategory, typdelim, typrelid FROM pg_catalog.pg_type WHERE oid OPERATOR(pg_catalog.=) 23",,,,,,"SELECT oid, typname, typlen, typtype, typcategory, typdelim, typrelid FROM pg_catalog.pg_type WHERE oid OPERATOR(pg_catalog.=) 23",0,,"postgres.c",1709,
2022-04-13 11:29:33.292828 CST,"mxadmin","template1",p86854,th1157097600,"::1","51616",2022-04-13 11:29:33 CST,0,,cmd1,seg-1,,,,sx1,"LOG","00000","statement: BEGIN",,,,,,"BEGIN",0,,"postgres.c",1709,
2022-04-13 11:29:33.292978 CST,"mxadmin","template1",p86854,th1157097600,"::1","51616",2022-04-13 11:29:33 CST,0,,cmd2,seg-1,,,,sx1,"LOG","00000","statement: SELECT pid, usename, application_name, client_addr, client_hostname, client_port, backend_start, query FROM pg_stat_activity WHERE pid != pg_backend_pid() and backend_type = 'client backend' ORDER BY usename",,,,,,"SELECT pid, usename, application_name, client_addr, client_hostname, client_port, backend_start, query FROM pg_stat_activity WHERE pid != pg_backend_pid() and backend_type = 'client backend' ORDER BY usename",0,,"postgres.c",1709,
2022-04-13 11:29:33.296221 CST,"mxadmin","template1",p86854,th1157097600,"::1","51616",2022-04-13 11:29:33 CST,0,,cmd4,seg-1,,,,sx1,"LOG","00000","statement: SELECT oid, typname, typlen, typtype, typcategory, typdelim, typrelid FROM pg_catalog.pg_type WHERE oid OPERATOR(pg_catalog.=) 23",,,,,,"SELECT oid, typname, typlen, typtype, typcategory, typdelim, typrelid FROM pg_catalog.pg_type WHERE oid OPERATOR(pg_catalog.=) 23",0,,"postgres.c",1709,
2022-04-13 11:29:33.296888 CST,"mxadmin","template1",p86854,th1157097600,"::1","51616",2022-04-13 11:29:33 CST,0,,cmd6,seg-1,,,,sx1,"LOG","00000","statement: SELECT oid, typname, typlen, typtype, typcategory, typdelim, typrelid FROM pg_catalog.pg_type WHERE oid OPERATOR(pg_catalog.=) 19",,,,,,"SELECT oid, typname, typlen, typtype, typcategory, typdelim, typrelid FROM pg_catalog.pg_type WHERE oid OPERATOR(pg_catalog.=) 19",0,,"postgres.c",1709,
2022-04-13 11:29:33.297012 CST,"mxadmin","template1",p86854,th1157097600,"::1","51616",2022-04-13 11:29:33 CST,0,,cmd8,seg-1,,,,sx1,"LOG","00000","statement: SELECT oid, typname, typlen, typtype, typcategory, typdelim, typrelid FROM pg_catalog.pg_type WHERE oid OPERATOR(pg_catalog.=) 25",,,,,,"SELECT oid, typname, typlen, typtype, typcategory, typdelim, typrelid FROM pg_catalog.pg_type WHERE oid OPERATOR(pg_catalog.=) 25",0,,"postgres.c",1709,
2022-04-13 11:29:33.297120 CST,"mxadmin","template1",p86854,th1157097600,"::1","51616",2022-04-13 11:29:33 CST,0,,cmd10,seg-1,,,,sx1,"LOG","00000","statement: SELECT oid, typname, typlen, typtype, typcategory, typdelim, typrelid FROM pg_catalog.pg_type WHERE oid OPERATOR(pg_catalog.=) 869",,,,,,"SELECT oid, typname, typlen, typtype, typcategory, typdelim, typrelid FROM pg_catalog.pg_type WHERE oid OPERATOR(pg_catalog.=) 869",0,,"postgres.c",1709,
2022-04-13 11:29:33.297224 CST,"mxadmin","template1",p86854,th1157097600,"::1","51616",2022-04-13 11:29:33 CST,0,,cmd12,seg-1,,,,sx1,"LOG","00000","statement: SELECT oid, typname, typlen, typtype, typcategory, typdelim, typrelid FROM pg_catalog.pg_type WHERE oid OPERATOR(pg_catalog.=) 1184",,,,,,"SELECT oid, typname, typlen, typtype, typcategory, typdelim, typrelid FROM pg_catalog.pg_type WHERE oid OPERATOR(pg_catalog.=) 1184",0,,"postgres.c",1709,
2022-04-13 11:29:33.303569 CST,,,p86760,th1157097600,,,,0,,,seg-1,,,,,"LOG","00000","received smart shutdown request",,,,,,,0,,"postmaster.c",3160,
2022-04-13 11:29:33.303907 CST,,,p86770,th1157097600,,,,0,,,seg-1,,,,,"FATAL","57P01","terminating background worker ""sweeper process"" due to administrator command",,,,,,,0,,"bgworker.c",728,
2022-04-13 11:29:33.303921 CST,,,p86769,th1157097600,,,,0,,,seg-1,,,,,"WARNING","01000","ic-proxy-server: received signal 15",,,,,,,0,,"ic_proxy_main.c",379,
2022-04-13 11:29:33.305854 CST,,,p86760,th1157097600,,,,0,,,seg-1,,,,,"LOG","00000","background worker ""ic proxy process"" (PID 86769) exited with exit code 1",,,,,,,0,,"postmaster.c",4144,
2022-04-13 11:29:33.305869 CST,,,p86760,th1157097600,,,,0,,,seg-1,,,,,"LOG","00000","background worker ""logical replication launcher"" (PID 86768) exited with exit code 1",,,,,,,0,,"postmaster.c",4144,
2022-04-13 11:29:33.305907 CST,,,p86760,th1157097600,,,,0,,,seg-1,,,,,"LOG","00000","background worker ""sweeper process"" (PID 86770) exited with exit code 1",,,,,,,0,,"postmaster.c",4144,
2022-04-13 11:29:40.671524 CST,"mxadmin","prod",p86868,th1157097600,"10.10.26.53","39012",2022-04-13 11:29:40 CST,0,,,seg-1,,,,,"FATAL","57P03","the database system is shutting down",,,,,,,0,,"postmaster.c",2641,
2022-04-13 11:29:41.060722 CST,,,p86760,th1157097600,,,,0,,,seg-1,,,,,"LOG","00000","received fast shutdown request",,,,,,,0,,"postmaster.c",3235,
2022-04-13 11:29:41.060875 CST,,,p86760,th1157097600,,,,0,,,seg-1,,,,,"LOG","00000","aborting any active transactions",,,,,,,0,,"postmaster.c",3268,
2022-04-13 11:29:41.060934 CST,"mxadmin","prod",p86775,th1157097600,"10.10.26.53","38816",2022-04-13 11:29:21 CST,0,,cmd9,seg-1,,,,,"FATAL","57P01","terminating connection due to administrator command",,,,,,,0,,"postgres.c",3870,
2022-04-13 11:29:41.063159 CST,,,p86764,th1157097600,,,,0,,,seg-1,,,,,"LOG","00000","shutting down",,,,,,,0,,"xlog.c",8668,
2022-04-13 11:29:41.073433 CST,,,p86764,th1157097600,,,,0,,,seg-1,,,,,"LOG","00000","checkpoint starting: shutdown immediate",,,,,,,0,,"xlog.c",8718,
2022-04-13 11:29:41.110406 CST,,,p86764,th1157097600,,,,0,,,seg-1,,,,,"LOG","00000","checkpoint complete: wrote 0 buffers (0.0%); 0 WAL file(s) added, 0 removed, 0 recycled; write=0.035 s, sync=0.000 s, total=0.037 s; sync files=0, longest=0.000 s, average=0.000 s; distance=0 kB, estimate=0 kB",,,,,,,0,,"xlog.c",8800,
2022-04-13 11:29:41.169900 CST,,,p86760,th1157097600,,,,0,,,seg-1,,,,,"LOG","00000","database system is shut down",,,,,,,0,,"miscinit.c",906,
