2022-04-13 11:29:16.982984 CST,,,p86733,th40859776,,,,0,,,seg-1,,,,,"LOG","00000","database system was interrupted; last known up at 2022-04-13 11:21:34 CST",,,,,,,0,,"xlog.c",6466,
2022-04-13 11:29:17.006587 CST,,,p86733,th40859776,,,,0,,,seg-1,,,,,"LOG","00000","database system was not properly shut down; automatic recovery in progress",,,,,,,0,,"xlog.c",6972,
2022-04-13 11:29:17.007712 CST,,,p86733,th40859776,,,,0,,,seg-1,,,,,"LOG","00000","redo starts at 0/1BC3ACB0",,,,,,,0,,"xlog.c",7257,
2022-04-13 11:29:17.007738 CST,,,p86733,th40859776,,,,0,,,seg-1,,,,,"LOG","00000","invalid record length at 0/1BC3AD60: wanted 24, got 0",,,,,,,0,,"xlog.c",4323,
2022-04-13 11:29:17.007750 CST,,,p86733,th40859776,,,,0,,,seg-1,,,,,"LOG","00000","redo done at 0/1BC3ACE8",,,,,,,0,,"xlog.c",7544,
2022-04-13 11:29:17.009227 CST,,,p86733,th40859776,,,,0,,,seg-1,,,,,"LOG","00000","end of transaction log location is 0/1BC3AD60",,,,,,,0,,"xlog.c",7610,
2022-04-13 11:29:17.009732 CST,,,p86733,th40859776,,,,0,,,seg-1,,,,,"LOG","00000","checkpoint starting: end-of-recovery immediate",,,,,,,0,,"xlog.c",8718,
2022-04-13 11:29:17.046451 CST,,,p86733,th40859776,,,,0,,,seg-1,,,,,"LOG","00000","checkpoint complete: wrote 0 buffers (0.0%); 0 WAL file(s) added, 0 removed, 0 recycled; write=0.036 s, sync=0.000 s, total=0.036 s; sync files=0, longest=0.000 s, average=0.000 s; distance=0 kB, estimate=0 kB",,,,,,,0,,"xlog.c",8800,
2022-04-13 11:29:17.046470 CST,,,p86733,th40859776,,,,0,,,seg-1,,,,,"LOG","00000","latest completed transaction id is 52693 and next transaction id is 52694",,,,,,,0,,"xlog.c",7973,
2022-04-13 11:29:17.046512 CST,,,p86733,th40859776,,,,0,,,seg-1,,,,,"LOG","00000","database system is ready",,,,,,,0,,"xlog.c",7998,
2022-04-13 11:29:17.054687 CST,,,p86730,th40859776,,,,0,,,seg-1,,,,,"LOG","00000","PostgreSQL 12 (MatrixDB 4.4.6-enterprise) (Greenplum Database 7.0.0+dev.17338.g1678d7bd82 build commit:1678d7bd8295599b5adcf852afc0bc56e2a18177) on x86_64-pc-linux-gnu, compiled by gcc (GCC) 7.3.1 20180303 (Red Hat 7.3.1-5), 64-bit compiled on Apr 12 2022 06:35:49",,,,,,,0,,"postmaster.c",3460,
2022-04-13 11:29:17.054730 CST,,,p86730,th40859776,,,,0,,,seg-1,,,,,"LOG","00000","database system is ready to accept connections","PostgreSQL 12 (MatrixDB 4.4.6-enterprise) (Greenplum Database 7.0.0+dev.17338.g1678d7bd82 build commit:1678d7bd8295599b5adcf852afc0bc56e2a18177) on x86_64-pc-linux-gnu, compiled by gcc (GCC) 7.3.1 20180303 (Red Hat 7.3.1-5), 64-bit compiled on Apr 12 2022 06:35:49",,,,,,0,,"postmaster.c",3464,
2022-04-13 11:29:17.077560 CST,"mxadmin","prod",p86741,th40859776,"10.10.26.53","38762",2022-04-13 11:29:17 CST,0,,cmd1,seg-1,,,,sx1,"LOG","00000","statement: SET extra_float_digits = 3",,,,,,"SET extra_float_digits = 3",0,,"postgres.c",1709,
2022-04-13 11:29:17.077862 CST,"mxadmin","prod",p86741,th40859776,"10.10.26.53","38762",2022-04-13 11:29:17 CST,0,,cmd2,seg-1,,,,sx1,"LOG","00000","statement: SET application_name = 'PostgreSQL JDBC Driver'",,,,,,"SET application_name = 'PostgreSQL JDBC Driver'",0,,"postgres.c",1709,
2022-04-13 11:29:17.078492 CST,"mxadmin","prod",p86741,th40859776,"10.10.26.53","38762",2022-04-13 11:29:17 CST,0,,cmd3,seg-1,,,,sx1,"LOG","00000","statement: select 'x'",,,,,,"select 'x'",0,,"postgres.c",1709,
2022-04-13 11:29:17.079500 CST,"mxadmin","prod",p86741,th40859776,"10.10.26.53","38762",2022-04-13 11:29:17 CST,0,,cmd5,seg-1,,,,sx1,"LOG","00000","statement: SHOW TRANSACTION ISOLATION LEVEL",,,,,,"SHOW TRANSACTION ISOLATION LEVEL",0,,"postgres.c",1709,
2022-04-13 11:29:17.083527 CST,"mxadmin","template1",p86742,th40859776,"::1","51540",2022-04-13 11:29:17 CST,0,,cmd1,seg-1,,,,sx1,"LOG","00000","statement: BEGIN",,,,,,"BEGIN",0,,"postgres.c",1709,
2022-04-13 11:29:17.083652 CST,"mxadmin","template1",p86742,th40859776,"::1","51540",2022-04-13 11:29:17 CST,0,,cmd2,seg-1,,,,sx1,"LOG","00000","statement: SELECT version()",,,,,,"SELECT version()",0,,"postgres.c",1709,
2022-04-13 11:29:17.084162 CST,"mxadmin","template1",p86742,th40859776,"::1","51540",2022-04-13 11:29:17 CST,0,,cmd4,seg-1,,,,sx1,"LOG","00000","statement: SELECT oid, typname, typlen, typtype, typcategory, typdelim, typrelid FROM pg_catalog.pg_type WHERE oid OPERATOR(pg_catalog.=) 25",,,,,,"SELECT oid, typname, typlen, typtype, typcategory, typdelim, typrelid FROM pg_catalog.pg_type WHERE oid OPERATOR(pg_catalog.=) 25",0,,"postgres.c",1709,
2022-04-13 11:29:17.086700 CST,"mxadmin","prod",p86741,th40859776,"10.10.26.53","38762",2022-04-13 11:29:17 CST,0,,cmd6,seg-1,,,,sx1,"LOG","00000","statement: SELECT 1",,,,,,"SELECT 1",0,,"postgres.c",1709,
2022-04-13 11:29:17.086877 CST,"mxadmin","template1",p86742,th40859776,"::1","51540",2022-04-13 11:29:17 CST,0,,cmd6,seg-1,,,,sx1,"LOG","00000","statement: 
            SELECT dbid, content, role, preferred_role, mode, status,
            hostname, address, port, datadir
            FROM pg_catalog.gp_segment_configuration
            ORDER BY content, preferred_role DESC
            ",,,,,,"
            SELECT dbid, content, role, preferred_role, mode, status,
            hostname, address, port, datadir
            FROM pg_catalog.gp_segment_configuration
            ORDER BY content, preferred_role DESC
            ",0,,"postgres.c",1709,
2022-04-13 11:29:17.087198 CST,"mxadmin","prod",p86743,th40859776,"10.10.26.53","38764",2022-04-13 11:29:17 CST,0,,cmd1,seg-1,,,,sx1,"LOG","00000","statement: SET extra_float_digits = 3",,,,,,"SET extra_float_digits = 3",0,,"postgres.c",1709,
2022-04-13 11:29:17.087631 CST,"mxadmin","template1",p86742,th40859776,"::1","51540",2022-04-13 11:29:17 CST,0,,cmd8,seg-1,,,,sx1,"LOG","00000","statement: SELECT oid, typname, typlen, typtype, typcategory, typdelim, typrelid FROM pg_catalog.pg_type WHERE oid OPERATOR(pg_catalog.=) 21",,,,,,"SELECT oid, typname, typlen, typtype, typcategory, typdelim, typrelid FROM pg_catalog.pg_type WHERE oid OPERATOR(pg_catalog.=) 21",0,,"postgres.c",1709,
2022-04-13 11:29:17.087787 CST,"mxadmin","template1",p86742,th40859776,"::1","51540",2022-04-13 11:29:17 CST,0,,cmd10,seg-1,,,,sx1,"LOG","00000","statement: SELECT oid, typname, typlen, typtype, typcategory, typdelim, typrelid FROM pg_catalog.pg_type WHERE oid OPERATOR(pg_catalog.=) 18",,,,,,"SELECT oid, typname, typlen, typtype, typcategory, typdelim, typrelid FROM pg_catalog.pg_type WHERE oid OPERATOR(pg_catalog.=) 18",0,,"postgres.c",1709,
2022-04-13 11:29:17.087912 CST,"mxadmin","template1",p86742,th40859776,"::1","51540",2022-04-13 11:29:17 CST,0,,cmd12,seg-1,,,,sx1,"LOG","00000","statement: SELECT oid, typname, typlen, typtype, typcategory, typdelim, typrelid FROM pg_catalog.pg_type WHERE oid OPERATOR(pg_catalog.=) 23",,,,,,"SELECT oid, typname, typlen, typtype, typcategory, typdelim, typrelid FROM pg_catalog.pg_type WHERE oid OPERATOR(pg_catalog.=) 23",0,,"postgres.c",1709,
2022-04-13 11:29:17.089498 CST,"mxadmin","prod",p86741,th40859776,"10.10.26.53","38762",2022-04-13 11:29:17 CST,0,,cmd8,seg-1,,,,sx1,"LOG","00000","statement: SELECT 1",,,,,,"SELECT 1",0,,"postgres.c",1709,
2022-04-13 11:29:17.089620 CST,"mxadmin","prod",p86743,th40859776,"10.10.26.53","38764",2022-04-13 11:29:17 CST,0,,cmd2,seg-1,,,,sx1,"LOG","00000","statement: SET application_name = 'PostgreSQL JDBC Driver'",,,,,,"SET application_name = 'PostgreSQL JDBC Driver'",0,,"postgres.c",1709,
2022-04-13 11:29:17.090747 CST,"mxadmin","prod",p86743,th40859776,"10.10.26.53","38764",2022-04-13 11:29:17 CST,0,,cmd3,seg-1,,,,sx1,"LOG","00000","statement: select 'x'",,,,,,"select 'x'",0,,"postgres.c",1709,
2022-04-13 11:29:17.091509 CST,"mxadmin","prod",p86743,th40859776,"10.10.26.53","38764",2022-04-13 11:29:17 CST,0,,cmd5,seg-1,,,,sx1,"LOG","00000","statement: SHOW TRANSACTION ISOLATION LEVEL",,,,,,"SHOW TRANSACTION ISOLATION LEVEL",0,,"postgres.c",1709,
2022-04-13 11:29:17.248536 CST,"mxadmin","template1",p86748,th40859776,"::1","51542",2022-04-13 11:29:17 CST,0,,cmd1,seg-1,,,,sx1,"LOG","00000","statement: BEGIN",,,,,,"BEGIN",0,,"postgres.c",1709,
2022-04-13 11:29:17.248655 CST,"mxadmin","template1",p86748,th40859776,"::1","51542",2022-04-13 11:29:17 CST,0,,cmd2,seg-1,,,,sx1,"LOG","00000","statement: SELECT version()",,,,,,"SELECT version()",0,,"postgres.c",1709,
2022-04-13 11:29:17.249104 CST,"mxadmin","template1",p86748,th40859776,"::1","51542",2022-04-13 11:29:17 CST,0,,cmd4,seg-1,,,,sx1,"LOG","00000","statement: SELECT oid, typname, typlen, typtype, typcategory, typdelim, typrelid FROM pg_catalog.pg_type WHERE oid OPERATOR(pg_catalog.=) 25",,,,,,"SELECT oid, typname, typlen, typtype, typcategory, typdelim, typrelid FROM pg_catalog.pg_type WHERE oid OPERATOR(pg_catalog.=) 25",0,,"postgres.c",1709,
2022-04-13 11:29:17.251271 CST,"mxadmin","template1",p86748,th40859776,"::1","51542",2022-04-13 11:29:17 CST,0,,cmd6,seg-1,,,,sx1,"LOG","00000","statement: 
            SELECT dbid, content, role, preferred_role, mode, status,
            hostname, address, port, datadir
            FROM pg_catalog.gp_segment_configuration
            ORDER BY content, preferred_role DESC
            ",,,,,,"
            SELECT dbid, content, role, preferred_role, mode, status,
            hostname, address, port, datadir
            FROM pg_catalog.gp_segment_configuration
            ORDER BY content, preferred_role DESC
            ",0,,"postgres.c",1709,
2022-04-13 11:29:17.251987 CST,"mxadmin","template1",p86748,th40859776,"::1","51542",2022-04-13 11:29:17 CST,0,,cmd8,seg-1,,,,sx1,"LOG","00000","statement: SELECT oid, typname, typlen, typtype, typcategory, typdelim, typrelid FROM pg_catalog.pg_type WHERE oid OPERATOR(pg_catalog.=) 21",,,,,,"SELECT oid, typname, typlen, typtype, typcategory, typdelim, typrelid FROM pg_catalog.pg_type WHERE oid OPERATOR(pg_catalog.=) 21",0,,"postgres.c",1709,
2022-04-13 11:29:17.252132 CST,"mxadmin","template1",p86748,th40859776,"::1","51542",2022-04-13 11:29:17 CST,0,,cmd10,seg-1,,,,sx1,"LOG","00000","statement: SELECT oid, typname, typlen, typtype, typcategory, typdelim, typrelid FROM pg_catalog.pg_type WHERE oid OPERATOR(pg_catalog.=) 18",,,,,,"SELECT oid, typname, typlen, typtype, typcategory, typdelim, typrelid FROM pg_catalog.pg_type WHERE oid OPERATOR(pg_catalog.=) 18",0,,"postgres.c",1709,
2022-04-13 11:29:17.252252 CST,"mxadmin","template1",p86748,th40859776,"::1","51542",2022-04-13 11:29:17 CST,0,,cmd12,seg-1,,,,sx1,"LOG","00000","statement: SELECT oid, typname, typlen, typtype, typcategory, typdelim, typrelid FROM pg_catalog.pg_type WHERE oid OPERATOR(pg_catalog.=) 23",,,,,,"SELECT oid, typname, typlen, typtype, typcategory, typdelim, typrelid FROM pg_catalog.pg_type WHERE oid OPERATOR(pg_catalog.=) 23",0,,"postgres.c",1709,
2022-04-13 11:29:17.267534 CST,,,p86730,th40859776,,,,0,,,seg-1,,,,,"LOG","00000","received immediate shutdown request",,,,,,,0,,"postmaster.c",3305,
2022-04-13 11:29:17.267831 CST,"mxadmin","prod",p86741,th40859776,"10.10.26.53","38762",2022-04-13 11:29:17 CST,0,,cmd9,seg-1,,,,,"WARNING","57P02","terminating connection because of crash of another server process","The postmaster has commanded this server process to roll back the current transaction and exit, because another server process exited abnormally and possibly corrupted shared memory.","In a moment you should be able to reconnect to the database and repeat your command.",,,,,0,,"postgres.c",3507,
2022-04-13 11:29:17.267863 CST,"mxadmin","prod",p86743,th40859776,"10.10.26.53","38764",2022-04-13 11:29:17 CST,0,,cmd5,seg-1,,,,,"WARNING","57P02","terminating connection because of crash of another server process","The postmaster has commanded this server process to roll back the current transaction and exit, because another server process exited abnormally and possibly corrupted shared memory.","In a moment you should be able to reconnect to the database and repeat your command.",,,,,0,,"postgres.c",3507,
2022-04-13 11:29:17.267914 CST,,,p86739,th40859776,,,,0,,,seg-1,,,,,"WARNING","01000","ic-proxy-server: received signal 3",,,,,,,0,,"ic_proxy_main.c",379,
2022-04-13 11:29:17.269806 CST,,,p86730,th40859776,,,,0,,,seg-1,,,,,"LOG","00000","background worker ""ic proxy process"" (PID 86739) exited with exit code 1",,,,,,,0,,"postmaster.c",4144,
2022-04-13 11:29:17.322867 CST,,,p86730,th40859776,,,,0,,,seg-1,,,,,"LOG","00000","database system is shut down",,,,,,,0,,"miscinit.c",906,
